{"label": "Negative", "score": 0.9960909485816956, "polarity": -0.9960909485816956}