{"label": "Positive", "score": 0.9999209642410278, "polarity": 0.9999209642410278}