{"label": "Positive", "score": 0.9997100234031677, "polarity": 0.9997100234031677}