{"label": "Positive", "score": 0.9999963045120239, "polarity": 0.9999963045120239}