{"label": "Positive", "score": 0.9999995231628418, "polarity": 0.9999995231628418}