{"label": "Negative", "score": 0.9508941173553467, "polarity": -0.9508941173553467}