{"label": "Positive", "score": 0.9999505281448364, "polarity": 0.9999505281448364}