{"label": "Positive", "score": 0.9934438467025757, "polarity": 0.9934438467025757}