{"label": "Negative", "score": 0.9709710478782654, "polarity": -0.9709710478782654}