{"label": "Positive", "score": 0.9983349442481995, "polarity": 0.9983349442481995}