{"label": "Positive", "score": 0.9997233748435974, "polarity": 0.9997233748435974}