{"label": "Negative", "score": 0.6992928385734558, "polarity": -0.6992928385734558}