{"label": "Negative", "score": 0.8368403315544128, "polarity": -0.8368403315544128}