{"label": "Positive", "score": 0.996543824672699, "polarity": 0.996543824672699}