{"label": "Negative", "score": 0.9996784925460815, "polarity": -0.9996784925460815}