{"label": "Negative", "score": 0.9999970197677612, "polarity": -0.9999970197677612}