{"label": "Positive", "score": 0.999980092048645, "polarity": 0.999980092048645}