{"label": "Positive", "score": 0.9980452060699463, "polarity": 0.9980452060699463}