{"label": "Positive", "score": 0.8737419843673706, "polarity": 0.8737419843673706}