{"label": "Negative", "score": 0.9994660019874573, "polarity": -0.9994660019874573}