{"label": "Positive", "score": 0.9999996423721313, "polarity": 0.9999996423721313}