{"label": "Positive", "score": 0.9988885521888733, "polarity": 0.9988885521888733}