{"label": "Positive", "score": 0.9992488026618958, "polarity": 0.9992488026618958}