{"label": "Positive", "score": 0.9956192374229431, "polarity": 0.9956192374229431}