{"label": "Positive", "score": 0.9968439340591431, "polarity": 0.9968439340591431}