{"label": "Negative", "score": 0.9964922070503235, "polarity": -0.9964922070503235}