{"label": "Positive", "score": 0.9999938011169434, "polarity": 0.9999938011169434}