{"label": "Negative", "score": 0.99956876039505, "polarity": -0.99956876039505}