{"label": "Positive", "score": 0.9998822212219238, "polarity": 0.9998822212219238}