{"label": "Negative", "score": 0.7198349237442017, "polarity": -0.7198349237442017}