{"label": "Positive", "score": 0.6295863389968872, "polarity": 0.6295863389968872}