{"label": "Negative", "score": 0.6574251651763916, "polarity": -0.6574251651763916}