{"label": "Negative", "score": 0.9993147850036621, "polarity": -0.9993147850036621}