{"label": "Positive", "score": 0.7197406888008118, "polarity": 0.7197406888008118}