{"label": "Negative", "score": 0.9999979734420776, "polarity": -0.9999979734420776}