{"label": "Positive", "score": 0.7300087809562683, "polarity": 0.7300087809562683}