{"label": "Positive", "score": 0.7074783444404602, "polarity": 0.7074783444404602}