{"label": "Negative", "score": 0.9999980926513672, "polarity": -0.9999980926513672}