{"label": "Positive", "score": 0.9999890327453613, "polarity": 0.9999890327453613}