{"label": "Positive", "score": 0.9950370192527771, "polarity": 0.9950370192527771}