{"label": "Positive", "score": 0.997768759727478, "polarity": 0.997768759727478}