{"label": "Positive", "score": 0.9997759461402893, "polarity": 0.9997759461402893}