{"label": "Positive", "score": 0.8377583026885986, "polarity": 0.8377583026885986}