{"label": "Negative", "score": 0.9999828338623047, "polarity": -0.9999828338623047}