{"label": "Positive", "score": 0.9999983310699463, "polarity": 0.9999983310699463}