{"label": "Negative", "score": 0.9978875517845154, "polarity": -0.9978875517845154}