{"label": "Positive", "score": 0.999962568283081, "polarity": 0.999962568283081}