{"label": "Negative", "score": 0.7734742164611816, "polarity": -0.7734742164611816}