{"label": "Positive", "score": 0.999997615814209, "polarity": 0.999997615814209}