{"label": "Positive", "score": 0.9999998807907104, "polarity": 0.9999998807907104}