{"label": "Positive", "score": 0.9999504089355469, "polarity": 0.9999504089355469}