{"label": "Negative", "score": 0.9983333945274353, "polarity": -0.9983333945274353}