{"label": "Positive", "score": 0.9843630194664001, "polarity": 0.9843630194664001}