{"label": "Positive", "score": 0.9965318441390991, "polarity": 0.9965318441390991}