{"label": "Negative", "score": 0.8125302791595459, "polarity": -0.8125302791595459}