{"label": "Positive", "score": 0.9999946355819702, "polarity": 0.9999946355819702}