{"label": "Positive", "score": 0.9998520612716675, "polarity": 0.9998520612716675}