{"label": "Positive", "score": 0.9999934434890747, "polarity": 0.9999934434890747}