{"label": "Positive", "score": 0.9999986886978149, "polarity": 0.9999986886978149}