{"label": "Negative", "score": 0.9702057242393494, "polarity": -0.9702057242393494}