{"label": "Negative", "score": 0.9997007846832275, "polarity": -0.9997007846832275}