{"label": "Negative", "score": 0.9974259734153748, "polarity": -0.9974259734153748}