{"label": "Negative", "score": 0.9648171067237854, "polarity": -0.9648171067237854}