{"label": "Positive", "score": 0.9999910593032837, "polarity": 0.9999910593032837}