{"label": "Positive", "score": 0.9997598528862, "polarity": 0.9997598528862}