{"label": "Positive", "score": 0.9985087513923645, "polarity": 0.9985087513923645}