{"label": "Negative", "score": 0.8160983324050903, "polarity": -0.8160983324050903}