{"label": "Negative", "score": 0.7912604808807373, "polarity": -0.7912604808807373}