{"label": "Positive", "score": 0.987484872341156, "polarity": 0.987484872341156}