{"label": "Negative", "score": 0.9999905824661255, "polarity": -0.9999905824661255}