{"label": "Negative", "score": 0.6564801335334778, "polarity": -0.6564801335334778}