{"label": "Positive", "score": 0.9999799728393555, "polarity": 0.9999799728393555}