{"label": "Positive", "score": 0.9959436058998108, "polarity": 0.9959436058998108}