{"label": "Negative", "score": 0.9999858140945435, "polarity": -0.9999858140945435}