{"label": "Positive", "score": 0.9987649917602539, "polarity": 0.9987649917602539}