{"label": "Negative", "score": 0.9996457099914551, "polarity": -0.9996457099914551}