{"label": "Positive", "score": 0.9832314252853394, "polarity": 0.9832314252853394}