{"label": "Positive", "score": 0.9997614026069641, "polarity": 0.9997614026069641}