{"label": "Negative", "score": 0.9921444654464722, "polarity": -0.9921444654464722}