{"label": "Negative", "score": 0.8880636096000671, "polarity": -0.8880636096000671}