{"label": "Positive", "score": 0.9996695518493652, "polarity": 0.9996695518493652}