{"label": "Positive", "score": 0.9999769926071167, "polarity": 0.9999769926071167}