{"label": "Positive", "score": 0.9999997615814209, "polarity": 0.9999997615814209}