{"label": "Positive", "score": 0.9999990463256836, "polarity": 0.9999990463256836}