{"label": "Positive", "score": 0.999996542930603, "polarity": 0.999996542930603}