{"label": "Positive", "score": 0.9808339476585388, "polarity": 0.9808339476585388}