{"label": "Positive", "score": 0.6634157299995422, "polarity": 0.6634157299995422}