{"label": "Positive", "score": 0.9417691230773926, "polarity": 0.9417691230773926}