{"label": "Positive", "score": 0.9999994039535522, "polarity": 0.9999994039535522}