{"label": "Negative", "score": 0.9973940849304199, "polarity": -0.9973940849304199}