{"label": "Negative", "score": 0.9918460249900818, "polarity": -0.9918460249900818}