{"label": "Positive", "score": 0.9999992847442627, "polarity": 0.9999992847442627}