{"label": "Positive", "score": 0.8882646560668945, "polarity": 0.8882646560668945}