{"label": "Negative", "score": 0.9991625547409058, "polarity": -0.9991625547409058}