{"label": "Positive", "score": 0.9884154796600342, "polarity": 0.9884154796600342}