{"label": "Positive", "score": 0.99808669090271, "polarity": 0.99808669090271}