{"label": "Negative", "score": 0.7978194355964661, "polarity": -0.7978194355964661}